Reference,Protocol,Brand,CameraLensControl,LensMount,ManufacturerURL,Remark,Name,Type,Cable,SupportURL,Message,MaxDelayToComplete,ControlCoverage,Bidirectionnal,Number,Selected,Network,CameraLensCategory,lensControl,lensType,lensMotor,LensTypes
Adimec,Not still documented,Adimec,TBD,Unknown,https://www.adimec.com/cameras/global-security/tmx-cmos-cameras/tmx74/,,TMX74,TBD,Undefined,https://support.cyanview.com/docs/Integrations,,,,,0,False,LAN Wired,TBD,No Need,Manual,No extra motors,
AidaGen3G200,Not still documented,Aida,TBD,No-Xchange-Manual,https://aidaimaging.com/gen3g-200/,,Gen3G-200,TBD,Undefined,https://support.cyanview.com/docs/Integrations,,,,,0,False,LAN Wired,TBD,No Need,Manual,No extra motors,
AidaHdNdi200,Not still documented,Aida,TBD,No-Xchange-Manual,https://aidaimaging.com/hd-ndi-200/,,HD NDI 200,TBD,Undefined,https://support.cyanview.com/docs/Integrations,,,,,0,False,LAN Wired,TBD,No Need,Manual,No extra motors,
AidaPtzX12,Not still documented,Aida,TBD,No-Xchange-Motorized,https://aidaimaging.com/hd-ndi-200/,,PTZ X12,TBD,Undefined,https://support.cyanview.com/docs/Integrations,,,,,0,False,LAN Wired,TBD,No Need,Manual,No extra motors,
AidaUHD6G200,Not still documented,Aida,TBD,No-Xchange-Manual,https://aidaimaging.com/uhd6g-200/,,UHD6G-200,TBD,Undefined,https://support.cyanview.com/docs/Integrations,,,,,0,False,LAN Wired,TBD,No Need,Manual,No extra motors,
Arc360,Not still documented,ARC,TBD,B4-Mount,https://www.agileremotecameras.com/products/arc360-ptz-camera/,,Arc360,TBD,Undefined,https://support.cyanview.com/docs/Integrations,,,,,0,False,LAN Wired,TBD,No Need,Manual,No extra motors,
Astro4829,Not still documented,AstroDesign,TBD,PL-Mount,https://www.astrodesign.co.jp/english/product/ab-4830_ac-4829,,AC4829,TBD,Undefined,https://support.cyanview.com/docs/Integrations,,,,,0,False,LAN Wired,TBD,No Need,Manual,No extra motors,
BellDriversEye,Not still documented,Bell,TBD,Unknown,https://bellracing.eu/,,Driver's Eye,TBD,Undefined,https://support.cyanview.com/docs/Integrations,,,,,0,False,LAN Wired,TBD,No Need,Manual,No extra motors,
Camball,Not still documented,Bradley,TBD,Unknown,,,Camball,TBD,Undefined,https://support.cyanview.com/docs/Integrations,,,,,0,False,LAN Wired,TBD,No Need,Manual,No extra motors,
CamballIp,Not still documented,Bradley,TBD,Unknown,,,Camball/IP,TBD,Undefined,https://support.cyanview.com/docs/Integrations,,,,,0,False,LAN Wired,TBD,No Need,Manual,No extra motors,
Meerkat,Not still documented,CameraCorps,TBD,Unknown,,,Meerkat,TBD,Undefined,https://support.cyanview.com/docs/Integrations,,,,,0,False,LAN Wired,TBD,No Need,Manual,No extra motors,
CCQBall,Not still documented,CameraCorps,TBD,Unknown,https://cameracorps.co.uk/product/qx/,,QBall,TBD,Undefined,https://support.cyanview.com/docs/Integrations,,,,,0,False,LAN Wired,TBD,No Need,Manual,No extra motors,
CCQx,Not still documented,CameraCorps,TBD,Unknown,https://cameracorps.co.uk/product/qx-com-cam-system/,,Qx,TBD,Undefined,https://support.cyanview.com/docs/Integrations,,,,,0,False,LAN Wired,TBD,No Need,Manual,No extra motors,
CCQxMinizoom,Not still documented,CameraCorps,TBD,Unknown,https://cameracorps.co.uk/product/hd-mini-zoom/,,Qx Minizoom,TBD,Undefined,https://support.cyanview.com/docs/Integrations,,,,,0,False,LAN Wired,TBD,No Need,Manual,No extra motors,
GrassValley,Not still documented,GrassValley,TBD,B4-Mount,,,LDK series,TBD,Undefined,https://support.cyanview.com/docs/Integrations,,,,,0,False,LAN Wired,TBD,No Need,Manual,No extra motors,
MojoPro,Not still documented,Haivision,TBD,No-Xchange-Manual,https://www.haivision.com/products/mojopro-mobile-journalism/,,MojoPro,TBD,Undefined,https://support.cyanview.com/docs/Integrations,,,,,0,False,LAN Wired,TBD,No Need,Manual,No extra motors,
HitachiDKIP,Not still documented,Hitachi,TBD,B4-Mount,,,DK series,TBD,Undefined,https://support.cyanview.com/docs/Integrations,,,,,0,False,LAN Wired,TBD,No Need,Manual,No extra motors,
HitachiDKSerial,Not still documented,Hitachi,TBD,B4-Mount,,,DK series (serial),TBD,Undefined,https://support.cyanview.com/docs/Integrations,,,,,0,False,LAN Wired,TBD,No Need,Manual,No extra motors,
HitachiSKHDIP,Not still documented,Hitachi,TBD,B4-Mount,,,SK HD series,TBD,Undefined,https://support.cyanview.com/docs/Integrations,,,,,0,False,LAN Wired,TBD,No Need,Manual,No extra motors,
HitachiSKHDSerial,Not still documented,Hitachi,TBD,B4-Mount,,,SK HD series (serial),TBD,Undefined,https://support.cyanview.com/docs/Integrations,,,,,0,False,LAN Wired,TBD,No Need,Manual,No extra motors,
HitachiSKUHDIP,Not still documented,Hitachi,TBD,B4-Mount,,,SK UHD series,TBD,Undefined,https://support.cyanview.com/docs/Integrations,,,,,0,False,LAN Wired,TBD,No Need,Manual,No extra motors,
HitachiSKUHDSerial,Not still documented,Hitachi,TBD,B4-Mount,,,SK UHD series (serial),TBD,Undefined,https://support.cyanview.com/docs/Integrations,,,,,0,False,LAN Wired,TBD,No Need,Manual,No extra motors,
Ikegami,Not still documented,Ikegami,TBD,B4-Mount,,,ICCP,TBD,Undefined,https://support.cyanview.com/docs/Integrations,,,,,0,False,LAN Wired,TBD,No Need,Manual,No extra motors,
V2KMini,Not still documented,IOI,TBD,C-Mount,https://www.ioindustries.com/2ksdi-mini-features,,2KMini,TBD,Undefined,https://support.cyanview.com/docs/Integrations,,,,,0,False,LAN Wired,TBD,No Need,Manual,No extra motors,
V2KMiniRS,Not still documented,IOI,TBD,C-Mount,https://www.ioindustries.com/2ksdi-mini-features,,2KMiniRS,TBD,Undefined,https://support.cyanview.com/docs/Integrations,,,,,0,False,LAN Wired,TBD,No Need,Manual,No extra motors,
V4KMini,Not still documented,IOI,TBD,C-Mount,https://www.ioindustries.com/4ksdi-mini-features,,4KMini,TBD,Undefined,https://support.cyanview.com/docs/Integrations,,,,,0,False,LAN Wired,TBD,No Need,Manual,No extra motors,
V4KMiniRS,Not still documented,IOI,TBD,C-Mount,https://www.ioindustries.com/4ksdi-mini-features,,4KMiniRS,TBD,Undefined,https://support.cyanview.com/docs/Integrations,,,,,0,False,LAN Wired,TBD,No Need,Manual,No extra motors,
V8KSDI,Not still documented,IOI,TBD,C-Mount,https://www.ioindustries.com/8ksdi-features,,8KSDI,TBD,Undefined,https://support.cyanview.com/docs/Integrations,,,,,0,False,LAN Wired,TBD,No Need,Manual,No extra motors,
Lumens,Not still documented,Lumens,TBD,No-Xchange-Motorized,,,VC-A series,TBD,Undefined,https://support.cyanview.com/docs/Integrations,,,,,0,False,LAN Wired,TBD,No Need,Manual,No extra motors,
LumensVCA71PN,Not still documented,Lumens,TBD,No-Xchange-Motorized,,,VC-A71,TBD,Undefined,https://support.cyanview.com/docs/Integrations,,,,,0,False,LAN Wired,TBD,No Need,Manual,No extra motors,
LumensVCBC601P,Not still documented,Lumens,TBD,No-Xchange-Motorized,,,VC-BC 601,TBD,Undefined,https://support.cyanview.com/docs/Integrations,,,,,0,False,LAN Wired,TBD,No Need,Manual,No extra motors,
LumensVCBC701P,Not still documented,Lumens,TBD,No-Xchange-Motorized,,,VC-BC 701,TBD,Undefined,https://support.cyanview.com/docs/Integrations,,,,,0,False,LAN Wired,TBD,No Need,Manual,No extra motors,
MarshallCV350,Not still documented,Marshall,TBD,MFT-Mount,https://marshall-usa.com/discontinued/cameras/CV350.php,,CV350,TBD,Undefined,https://support.cyanview.com/docs/Integrations,,,,,0,False,LAN Wired,TBD,No Need,Manual,No extra motors,
MarshallCV42030X,Not still documented,Marshall,TBD,No-Xchange-Manual,https://marshall-usa.com/discontinued/cameras/CV420-30X-IP.php,,CV420-30X,TBD,Undefined,https://support.cyanview.com/docs/Integrations,,,,,0,False,LAN Wired,TBD,No Need,Manual,No extra motors,
MarshallCV42030X232,Not still documented,Marshall,TBD,No-Xchange-Motorized,https://marshall-usa.com/discontinued/cameras/CV420-30X.php,,CV420-30X-RS232,TBD,Undefined,https://support.cyanview.com/docs/Integrations,,,,,0,False,LAN Wired,TBD,No Need,Manual,No extra motors,
MarshallCV605,Not still documented,Marshall,TBD,MFT-Mount,https://marshall-usa.com/cameras/CV605/,,CV605,TBD,Undefined,https://support.cyanview.com/docs/Integrations,,,,,0,False,LAN Wired,TBD,No Need,Manual,No extra motors,
MarshallGeneric,Not still documented,Marshall,TBD,MFT-Mount,,,MarshallGeneric,TBD,Undefined,https://support.cyanview.com/docs/Integrations,,,,,0,False,LAN Wired,TBD,No Need,Manual,No extra motors,
QDCam,Not still documented,MediaEdge,TBD,Unknown,,,QDCam,TBD,Undefined,https://support.cyanview.com/docs/Integrations,,,,,0,False,LAN Wired,TBD,No Need,Manual,No extra motors,
Dvx200,Not still documented,Panasonic,TBD,No-Xchange-Motorized,,,AG-DVX200,TBD,Undefined,https://support.cyanview.com/docs/Integrations,,,,,0,False,LAN Wired,TBD,No Need,Manual,No extra motors,
PanaStudio,Not still documented,Panasonic,TBD,L-Mount,,,PanaStudio,TBD,Undefined,https://support.cyanview.com/docs/Integrations,,,,,0,False,LAN Wired,TBD,No Need,Manual,No extra motors,
Roboshot 20/40 UHD,Not still documented,RoboSHOT,TBD,No-Xchange-Motorized,,,20/40 UHD,TBD,Undefined,https://support.cyanview.com/docs/Integrations,,,,,0,False,LAN Wired,TBD,No Need,Manual,No extra motors,
PivotCam,Not still documented,ROSS,TBD,No-Xchange-Motorized,,,PIVOTCam,TBD,Undefined,https://support.cyanview.com/docs/Integrations,,,,,0,False,LAN Wired,TBD,No Need,Manual,No extra motors,
PXW-Z90,Not controllable,Sony,TBD,No-Xchange-Motorized,https://pro.sony/products/handheld-camcorders/pxw-z90,,Z90,TBD,Undefined,https://support.cyanview.com/docs/Integrations,This camera is not remotely controllable.,,0.0,,0,False,LAN Wired,TBD,No Need,Manual,No extra motors,
HDC-P50,Not still documented,Sony,TBD,B4-Mount,https://pro.sony/products/4k-and-hd-camera-systems/hdc-p50,,P50,TBD,Undefined,https://support.cyanview.com/docs/Integrations,,,,,0,False,LAN Wired,TBD,No Need,Manual,No extra motors,
PMW-EX1,Not controllable,Sony,TBD,No-Xchange-Motorized,https://pro.sony/fr_CH/products/handheld-camcorders/pmw-ex1,,PMW-EX1,TBD,Undefined,https://support.cyanview.com/docs/Integrations,This camera is not remotely controllable.,,0.0,,0,False,LAN Wired,TBD,No Need,Manual,No extra motors,
PXW-X200,Not compatible,Sony,TBD,No-Xchange-Motorized,https://pro.sony/fr_BE/products/handheld-camcorders/pxw-x200,,PXW-200,TBD,Undefined,https://support.cyanview.com/docs/Integrations,The camera protocol has not been integrated due to the low demand on this camera.,,0.0,,0,False,LAN Wired,TBD,No Need,Manual,No extra motors,
Ikhd1,Not still documented,Toshiba,TBD,Unknown,,,IK-HD1,TBD,Undefined,https://support.cyanview.com/docs/Integrations,,,,,0,False,LAN Wired,TBD,No Need,Manual,No extra motors,
Ikhd5,Not still documented,Toshiba,TBD,Unknown,,,IK-HD5,TBD,Undefined,https://support.cyanview.com/docs/Integrations,,,,,0,False,LAN Wired,TBD,No Need,Manual,No extra motors,
PtzOptics,Not still documented,VHD,TBD,No-Xchange-Motorized,,,PtzOptics-Generic,TBD,Undefined,https://support.cyanview.com/docs/Integrations,,,,,0,False,LAN Wired,TBD,No Need,Manual,No extra motors,
PHD02XP,Not still documented,VisionResearch,TBD,Unknown,,,PHD-02XP,TBD,Undefined,https://support.cyanview.com/docs/Integrations,,,,,0,False,LAN Wired,TBD,No Need,Manual,No extra motors,
VisionResearch,Not still documented,VisionResearch,TBD,B4-Mount,,,PH,TBD,Undefined,https://support.cyanview.com/docs/Integrations,,,,,0,False,LAN Wired,TBD,No Need,Manual,No extra motors,
Yushida,Not still documented,Yushida,TBD,No-Xchange-Motorized,https://www.microdvrcamera.com/product/Bullet-Full-HD-1080p-High-Speed-Auto-Focus-USB-Camera.html,,Bullet HD,TBD,Undefined,https://support.cyanview.com/docs/Integrations,,,,,0,False,LAN Wired,TBD,No Need,Manual,No extra motors,
Rovocam,Aja Serial,Aja,Iris/Zoom/Focus,B4-Mount,https://www.aja.com/products/rovocam/spec-sheet.pdf,,RovoCam,BBlock,CY-CBL-6P-AJA-01,https://support.cyanview.com/docs/Integrations/AJA/RovoCam,,1000.0,2.0,,0,False,LAN Wired,Broadcast,No Need,B4-Mount,No extra motors,
FCB-7520,Sony Visca,Sony,Iris/Zoom/Focus,No-Xchange-Motorized,,,FCB-7520,BBlock,CY-CBL-6P-FAN100,https://support.cyanview.com/docs/Integrations/Sony/SonyFCB,,500.0,2.0,,0,False,LAN Wired,Broadcast,No Need,B4-Mount,No extra motors,
FCB-8230,Sony Visca,Sony,Iris/Zoom/Focus,No-Xchange-Motorized,,,FCB-8230,BBlock,CY-CBL-6P-FAN100,https://support.cyanview.com/docs/Integrations/Sony/SonyFCB,,500.0,2.0,,0,False,LAN Wired,Broadcast,No Need,B4-Mount,No extra motors,
FCB-8550,Sony Visca,Sony,Iris/Zoom/Focus,No-Xchange-Motorized,,,FCB-8550,BBlock,CY-CBL-6P-FAN100,https://support.cyanview.com/docs/Integrations/Sony/SonyFCB,,500.0,2.0,,0,False,LAN Wired,Broadcast,No Need,B4-Mount,No extra motors,
FCBH11,Sony Visca,Sony,Iris/Zoom/Focus,No-Xchange-Motorized,,,FCB-H11,BBlock,CY-CBL-6P-FAN100,https://support.cyanview.com/docs/Integrations/Sony/SonyFCB,,500.0,2.0,,0,False,LAN Wired,Broadcast,No Need,B4-Mount,No extra motors,
Alexa 35,Arri CAP,ARRI,Iris/Zoom/Focus,LPL-Mount,https://www.arri.com/en/camera-systems/cameras/alexa-35,,Alexa 35,CineStyle,Ethernet-RJ45,https://support.cyanview.com/docs/Integrations/ARRI/ARRICAP,,500.0,2.0,,0,False,LAN Wired,Cine Interchangeable,No Need,TBD,TBD,
Alexa mini,Arri CAP,ARRI,Iris/Zoom/Focus,LPL-Mount,https://www.arri.com/en/camera-systems/cameras/legacy-camera-systems/alexa-mini,,Alexa mini,CineStyle,Ethernet-RJ45,https://support.cyanview.com/docs/Integrations/ARRI/ARRICAP,,500.0,2.0,,0,False,LAN Wired,Cine Interchangeable,No Need,TBD,TBD,
Alexa mini LF,Arri CAP,ARRI,Iris/Zoom/Focus,LPL-Mount,https://www.arri.com/en/camera-systems/cameras/alexa-mini-lf,,Alexa mini LF,CineStyle,Ethernet-RJ45,https://support.cyanview.com/docs/Integrations/ARRI/ARRICAP,,500.0,2.0,,0,False,LAN Wired,Cine Interchangeable,No Need,TBD,TBD,
Amira,Arri SSCP,ARRI,Iris/Zoom/Focus,LPL-Mount,https://www.arri.com/en/camera-systems/cameras/amira,,Amira,CineStyle,Ethernet-RJ45,https://support.cyanview.com/docs/Integrations/ARRI/ARRISSCP,,500.0,2.0,,0,False,LAN Wired,Cine Interchangeable,No Need,TBD,TBD,
Mini Studio,BlackMagic SDI,BlackMagic,Iris/Zoom/Focus,MFT-Mount,https://www.blackmagicdesign.com/fr/products/blackmagicmicrostudiocamera,,Mini Studio,CineStyle,BM-SDI,https://support.cyanview.com/docs/Integrations/Blackmagic/CameraSDI,,500.0,2.0,No,0,False,LAN Wired,Cine Interchangeable,No Need,TBD,TBD,
Mini Studio G2,BlackMagic IP,BlackMagic,Iris/Zoom/Focus,MFT-Mount,https://www.blackmagicdesign.com/fr/products/blackmagicmicrostudiocamera,,Mini Studio G2,CineStyle,IP-to-USB-C,https://support.cyanview.com/docs/Integrations/Blackmagic/CameraIP,,500.0,5.0,,0,False,LAN Wired,Cine Interchangeable,No Need,TBD,TBD,
URSA,BlackMagic SDI,BlackMagic,Iris/Zoom/Focus,B4-Mount,https://www.blackmagicdesign.com/products/blackmagicursabroadcast,,URSA,CineStyle,BM-SDI,https://support.cyanview.com/docs/Integrations/Blackmagic/CameraSDI,,500.0,2.0,No,0,False,LAN Wired,Cine Interchangeable,No Need,TBD,TBD,
URSA G2,BlackMagic IP,BlackMagic,Iris/Zoom/Focus,B4-Mount,https://www.blackmagicdesign.com/products/blackmagicursabroadcast,,URSA G2,CineStyle,IP-to-USB-C,https://support.cyanview.com/docs/Integrations/Blackmagic/CameraIP,,500.0,5.0,,0,False,LAN Wired,Cine Interchangeable,No Need,TBD,TBD,
EOS C100,Canon RemoteA,Canon,Iris/Zoom/Focus,EF-Mount,https://mcu.usa.canon.com/internet/portal/us/home/products/details/cameras/cinema-eos/eos-c100-mark-ii,,C100,CineStyle,CY-CBL-6P-LANC-1,https://support.cyanview.com/docs/Integrations/Canon/CanonRemoteA,,500.0,2.0,,0,False,LAN Wired,Cine Interchangeable,No Need,TBD,TBD,
C200,Canon RemoteA,Canon,Iris/Zoom/Focus,EF-Mount,,,C200,CineStyle,CY-CBL-6P-LANC-1,https://support.cyanview.com/docs/Integrations/Canon/CanonRemoteA,,500.0,2.0,,0,False,LAN Wired,Cine Interchangeable,No Need,TBD,TBD,
C300mk1,Canon RemoteA,Canon,Iris/Zoom/Focus,EF-Mount,,,C300mk1,CineStyle,CY-CBL-6P-LANC-1,https://support.cyanview.com/docs/Integrations/Canon/CanonRemoteA,,500.0,2.0,,0,False,LAN Wired,Cine Interchangeable,No Need,TBD,TBD,
C300mk2,Canon RemoteA,Canon,Iris/Zoom/Focus,EF-Mount,,,C300mk2,CineStyle,CY-CBL-6P-LANC-1,https://support.cyanview.com/docs/Integrations/Canon/CanonRemoteA,,500.0,2.0,,0,False,LAN Wired,Cine Interchangeable,No Need,TBD,TBD,
C300mk3,Canon XC,Canon,Iris/Zoom/Focus,EF-Mount,,,C300mk3,CineStyle,Ethernet-RJ45,https://support.cyanview.com/docs/Integrations/Canon/CanonXC,,500.0,4.0,,0,False,LAN Wired,Cine Interchangeable,No Need,TBD,TBD,
C500mk1,Canon RemoteA,Canon,Iris/Zoom/Focus,EF-Mount,,,C500mk1,CineStyle,CY-CBL-6P-LANC-1,https://support.cyanview.com/docs/Integrations/Canon/CanonRemoteA,,500.0,2.0,,0,False,LAN Wired,Cine Interchangeable,No Need,TBD,TBD,
C500mk2,Canon XC,Canon,Iris/Zoom/Focus,EF-Mount,,,C500mk2,CineStyle,Ethernet-RJ45,https://support.cyanview.com/docs/Integrations/Canon/CanonXC,,500.0,4.0,,0,False,LAN Wired,Cine Interchangeable,No Need,TBD,TBD,
C70,Canon XC,Canon,Iris/Zoom/Focus,RF-Mount,,,C70,CineStyle,Ethernet-RJ45,https://support.cyanview.com/docs/Integrations/Canon/CanonXC,,500.0,4.0,,0,False,LAN Wired,Cine Interchangeable,No Need,TBD,TBD,
C700,Canon RemoteA,Canon,Iris/Zoom/Focus,EF-Mount,,,C700,CineStyle,CY-CBL-6P-LANC-1,https://support.cyanview.com/docs/Integrations/Canon/CanonRemoteA,,500.0,2.0,,0,False,LAN Wired,Cine Interchangeable,No Need,TBD,TBD,
CanonXF605,Canon XC,Canon,Iris/Zoom/Focus,No-Xchange-Motorized,https://fr.canon.be/video-cameras/xf605/ ,,XF605,CineStyle,Ethernet-RJ45,https://support.cyanview.com/docs/Integrations/Canon/CanonXC,,500.0,4.0,,0,False,LAN Wired,Cine Interchangeable,No Need,TBD,TBD,
CanonXF705,Canon RemoteA,Canon,Iris/Zoom/Focus,No-Xchange-Motorized,,,XF705,CineStyle,CY-CBL-6P-LANC-1,https://support.cyanview.com/docs/Integrations/Canon/CanonRemoteA,,500.0,2.0,,0,False,LAN Wired,Cine Interchangeable,No Need,TBD,TBD,
EVA1,Panasonic EVA1,Panasonic,Iris/Zoom/Focus,LNE-Mount,,,AU-EVA1,CineStyle,Ethernet-RJ45,https://support.cyanview.com/docs/Integrations/Panasonic/EVA1,,500.0,2.0,,0,False,LAN Wired,Cine Interchangeable,No Need,TBD,TBD,
EVA1,Panasonic EVA1,Panasonic,Iris/Zoom/Focus,EF-Mount,,,EVA1,CineStyle,Ethernet-RJ45,https://support.cyanview.com/docs/Integrations/Panasonic/EVA1,,500.0,2.0,,0,False,LAN Wired,Cine Interchangeable,No Need,TBD,TBD,
RedKomodo,Red IP,RED,Iris/Zoom/Focus,RF-Mount,,,Komodo,CineStyle,IP-to-USB-C,https://support.cyanview.com/docs/Integrations/RED/Komodo,,500.0,4.0,,0,False,LAN Wired,Cine Interchangeable,No Need,TBD,TBD,
VRaptor,Red IP,RED,Iris/Zoom/Focus,EF-Mount,,,V-Raptor,CineStyle,IP-to-USB-C,https://support.cyanview.com/docs/Integrations/RED/Komodo,,500.0,4.0,,0,False,LAN Wired,Cine Interchangeable,No Need,TBD,TBD,
SonyBurano,Sony Burano,Sony,Iris/Zoom/Focus,PL-Mount,,,Burano,CineStyle,Ethernet-RJ45,https://support.cyanview.com/docs/Integrations/Sony/SonyBurano,,500.0,2.0,,0,False,LAN Wired,Cine Interchangeable,No Need,TBD,TBD,
ILME-FX6,Sony FX6,Sony,Iris/Zoom/Focus,E-Mount,https://pro.sony/products/handheld-camcorders/ilme-fx6,,FX6,CineStyle,IP-to-USB-C,https://support.cyanview.com/docs/Integrations/Sony/SonyFX6,,500.0,2.0,,0,False,LAN Wired,Cine Interchangeable,No Need,TBD,TBD,
PXW-FX9+XDCA,Sony FX9-XDCA,Sony,Iris/Zoom/Focus,E-Mount,https://pro.sony/products/handheld-camcorders/pxw-fx9,,FX9-XDCA,CineStyle,XDCA back,https://support.cyanview.com/docs/Integrations/Sony/SonyFX9,,500.0,5.0,,0,False,LAN Wired,Cine Interchangeable,No Need,TBD,TBD,
PXW-FX9,Sony CBM,Sony,Iris/Zoom/Focus,E-Mount,https://pro.sony/products/handheld-camcorders/pxw-fx9,,FX9-CBM,CineStyle,WiFi,https://support.cyanview.com/docs/Integrations/Sony/SonyCBM,,500.0,2.0,,0,False,LAN Wired,Cine Interchangeable,No Need,TBD,TBD,
Venice 1,Sony Venice,Sony,Iris/Zoom/Focus,PL-Mount,,,Venice 1,CineStyle,Ethernet-RJ45,https://support.cyanview.com/docs/Integrations/Sony/SonyVenice,,500.0,2.0,,0,False,LAN Wired,Cine Interchangeable,No Need,TBD,TBD,
Venice 2,Sony Venice,Sony,Iris/Zoom/Focus,PL-Mount,,,Venice 2,CineStyle,Ethernet-RJ45,https://support.cyanview.com/docs/Integrations/Sony/SonyVenice,,500.0,2.0,,0,False,LAN Wired,Cine Interchangeable,No Need,TBD,TBD,
VeniceCBM,Sony Venice,Sony,Iris/Zoom/Focus,PL-Mount,,,Venice-IP,CineStyle,Ethernet-RJ45,https://support.cyanview.com/docs/Integrations/Sony/SonyVenice,,500.0,2.0,,0,False,LAN Wired,Cine Interchangeable,No Need,TBD,TBD,
Venice700,Sony Venice,Sony,Iris/Zoom/Focus,PL-Mount,,,Venice-Legacy,CineStyle,Ethernet-RJ45,https://support.cyanview.com/docs/Integrations/Sony/SonyVenice,,500.0,2.0,,0,False,LAN Wired,Cine Interchangeable,No Need,TBD,TBD,
PXW-Z280,Sony CBM,Sony,Iris/Zoom/Focus,No-Xchange-Motorized,https://pro.sony/products/handheld-camcorders/pxw-z280,,Z280,CineStyle,WiFi,https://support.cyanview.com/docs/Integrations/Sony/SonyCBM,,500.0,2.0,,0,False,LAN Wired,Cine Interchangeable,No Need,TBD,TBD,
PXW-Z750-CBM,Sony CBM,Sony,Iris/Zoom/Focus,B4-Mount,https://pro.sony/products/shoulder-camcorders/pxw-z750,,Z750-CBM,CineStyle,WiFi,https://support.cyanview.com/docs/Integrations/Sony/SonyCBM,,500.0,2.0,,0,False,LAN Wired,Cine Interchangeable,No Need,TBD,TBD,
BirdDogP100,Birdog PTZ,BirdDog,Fixed Lens,No-Xchange-Motorized,https://birddog.tv/p100-overview/,,P100,PTZ,Ethernet-RJ45,https://support.cyanview.com/docs/Integrations/Birddog/BirddogPTZ,,500.0,2.0,,0,False,LAN Wired,IZF Integrated,IZF,Camera Integrated,No extra motors,
BirdDogP200,Birdog PTZ,BirdDog,Fixed Lens,No-Xchange-Motorized,https://birddog.tv/p200-overview/,,P200,PTZ,Ethernet-RJ45,https://support.cyanview.com/docs/Integrations/Birddog/BirddogPTZ,,500.0,2.0,,0,False,LAN Wired,IZF Integrated,IZF,Camera Integrated,No extra motors,
BirdDogP400,Birdog PTZ,BirdDog,Fixed Lens,No-Xchange-Motorized,https://birddog.tv/p400-overview/,,P400,PTZ,Ethernet-RJ45,https://support.cyanview.com/docs/Integrations/Birddog/BirddogPTZ,,500.0,2.0,,0,False,LAN Wired,IZF Integrated,IZF,Camera Integrated,No extra motors,
BirdDogP4K,Birdog PTZ,BirdDog,Fixed Lens,No-Xchange-Motorized,https://birddog.tv/p4k-overview/,,P4K,PTZ,Ethernet-RJ45,https://support.cyanview.com/docs/Integrations/Birddog/BirddogPTZ,,500.0,2.0,,0,False,LAN Wired,IZF Integrated,IZF,Camera Integrated,No extra motors,
CanonCRN300,Canon PTZ,Canon,Fixed Lens,No-Xchange-Motorized,https://www.canon.fr/ptz-cameras/cr-n300/,,CR-N300,PTZ,Ethernet-RJ45,https://support.cyanview.com/docs/Integrations/Canon/CanonPTZ,,500.0,5.0,,0,False,LAN Wired,IZF Integrated,IZF,Camera Integrated,No extra motors,
CanonCRN500,Canon PTZ,Canon,Fixed Lens,No-Xchange-Motorized,https://www.canon.fr/ptz-cameras/cr-n500/,,CR-N500,PTZ,Ethernet-RJ45,https://support.cyanview.com/docs/Integrations/Canon/CanonPTZ,,500.0,5.0,,0,False,LAN Wired,IZF Integrated,IZF,Camera Integrated,No extra motors,
CanonCRN700,Canon PTZ,Canon,Fixed Lens,No-Xchange-Motorized,https://www.canon.fr/ptz-cameras/cr-n700/,,CR-N700,PTZ,Ethernet-RJ45,https://support.cyanview.com/docs/Integrations/Canon/CanonPTZ,,500.0,5.0,,0,False,LAN Wired,IZF Integrated,IZF,Camera Integrated,No extra motors,
CanonCRX500,Canon PTZ,Canon,Fixed Lens,No-Xchange-Motorized,,,CR-X500,PTZ,Ethernet-RJ45,https://support.cyanview.com/docs/Integrations/Canon/CanonPTZ,,500.0,5.0,,0,False,LAN Wired,IZF Integrated,IZF,Camera Integrated,No extra motors,
MarshallCV620-BI-WI,Marshall VISCA IP,Marshall,Fixed Lens,No-Xchange-Motorized,https://marshall-usa.com/cameras/CV620-BI-WI/,,CV620-BI-WI,PTZ,Ethernet-RJ45,https://support.cyanview.com/docs/Integrations/Generic/IPCamera,,,,,0,False,LAN Wired,IZF Integrated,IZF,Camera Integrated,No extra motors,
MarshallCV630,Marshall PTZ,Marshall,Fixed Lens,No-Xchange-Motorized,https://marshall-usa.com/cameras/CV630-IP/,,CV630,PTZ,Ethernet-RJ45,https://support.cyanview.com/docs/Integrations/Marshall/MarshallMinicam,,500.0,2.0,,0,False,LAN Wired,IZF Integrated,IZF,Camera Integrated,No extra motors,
MarshallCV730,Marshall PTZ,Marshall,Fixed Lens,No-Xchange-Motorized,https://marshall-usa.com/cameras/CV730/,,CV730,PTZ,Ethernet-RJ45,https://support.cyanview.com/docs/Integrations/Marshall/MarshallMinicam,,500.0,2.0,,0,False,LAN Wired,IZF Integrated,IZF,Camera Integrated,No extra motors,
AWHE120,Panasonic PTZ,Panasonic,Fixed Lens,No-Xchange-Motorized,https://eu.connect.panasonic.com/nl/en/products/broadcast-proav/aw-he120,,AW-HE120,PTZ,Ethernet-RJ45,https://support.cyanview.com/docs/Integrations/Panasonic/PanasonicPTZ,,500.0,2.0,,0,False,LAN Wired,IZF Integrated,IZF,Camera Integrated,No extra motors,
AWHE130,Panasonic PTZ,Panasonic,Fixed Lens,No-Xchange-Motorized,https://eu.connect.panasonic.com/nl/en/products/broadcast-proav/aw-he130,,AW-HE130,PTZ,Ethernet-RJ45,https://support.cyanview.com/docs/Integrations/Panasonic/PanasonicPTZ,,500.0,2.0,,0,False,LAN Wired,IZF Integrated,IZF,Camera Integrated,No extra motors,
AWHE40,Panasonic PTZ,Panasonic,Fixed Lens,No-Xchange-Motorized,https://pro-av.panasonic.net/en/sales_o/camera/aw-he40/,,AW-HE40,PTZ,Ethernet-RJ45,https://support.cyanview.com/docs/Integrations/Panasonic/PanasonicPTZ,,500.0,2.0,,0,False,LAN Wired,IZF Integrated,IZF,Camera Integrated,No extra motors,
AWHE42,Panasonic PTZ,Panasonic,Fixed Lens,No-Xchange-Motorized,https://pro-av.panasonic.net/en/products/aw-he42/,,AW-HE42,PTZ,Ethernet-RJ45,https://support.cyanview.com/docs/Integrations/Panasonic/PanasonicPTZ,,500.0,2.0,,0,False,LAN Wired,IZF Integrated,IZF,Camera Integrated,No extra motors,
AWHE50,Panasonic PTZ,Panasonic,Fixed Lens,No-Xchange-Motorized,https://www.panasonic.com/in/business/broadcast/remote-camera-systems/integrated-pt-cameras/aw-he50s.html,,AW-HE50,PTZ,Ethernet-RJ45,https://support.cyanview.com/docs/Integrations/Panasonic/PanasonicPTZ,,500.0,2.0,,0,False,LAN Wired,IZF Integrated,IZF,Camera Integrated,No extra motors,
AWHE60,Panasonic PTZ,Panasonic,Fixed Lens,No-Xchange-Motorized,,,AW-HE60,PTZ,Ethernet-RJ45,https://support.cyanview.com/docs/Integrations/Panasonic/PanasonicPTZ,,500.0,2.0,,0,False,LAN Wired,IZF Integrated,IZF,Camera Integrated,No extra motors,
AWHE70,Panasonic PTZ,Panasonic,Fixed Lens,No-Xchange-Motorized,,,AW-HE70,PTZ,Ethernet-RJ45,https://support.cyanview.com/docs/Integrations/Panasonic/PanasonicPTZ,,500.0,2.0,,0,False,LAN Wired,IZF Integrated,IZF,Camera Integrated,No extra motors,
AWHR140,Panasonic PTZ,Panasonic,Fixed Lens,No-Xchange-Motorized,,,AW-HR140,PTZ,Ethernet-RJ45,https://support.cyanview.com/docs/Integrations/Panasonic/PanasonicPTZ,,500.0,2.0,,0,False,LAN Wired,IZF Integrated,IZF,Camera Integrated,No extra motors,
AWUE100,Panasonic PTZ,Panasonic,Fixed Lens,No-Xchange-Motorized,,,AW-UE100,PTZ,Ethernet-RJ45,https://support.cyanview.com/docs/Integrations/Panasonic/PanasonicPTZ,,500.0,2.0,,0,False,LAN Wired,IZF Integrated,IZF,Camera Integrated,No extra motors,
AWUE150,Panasonic PTZ,Panasonic,Fixed Lens,No-Xchange-Motorized,https://eu.connect.panasonic.com/broadcast-proav/remote-ptz-camera-systems/aw-ue150,,AW-UE150,PTZ,Ethernet-RJ45,https://support.cyanview.com/docs/Integrations/Panasonic/PanasonicPTZ,,500.0,2.0,,0,False,LAN Wired,IZF Integrated,IZF,Camera Integrated,No extra motors,
AWUE160,Panasonic PTZ,Panasonic,Fixed Lens,No-Xchange-Motorized,,,AW-UE160,PTZ,Ethernet-RJ45,https://support.cyanview.com/docs/Integrations/Panasonic/PanasonicPTZ,,500.0,2.0,,0,False,LAN Wired,IZF Integrated,IZF,Camera Integrated,No extra motors,
AWUE70,Panasonic PTZ,Panasonic,Fixed Lens,No-Xchange-Motorized,,,AW-UE70,PTZ,Ethernet-RJ45,https://support.cyanview.com/docs/Integrations/Panasonic/PanasonicPTZ,,500.0,2.0,,0,False,LAN Wired,IZF Integrated,IZF,Camera Integrated,No extra motors,
BRCH800,Sony PTZ,Sony,Fixed Lens,No-Xchange-Motorized,,,BRC-H800,PTZ,Ethernet-RJ45,https://support.cyanview.com/docs/Integrations/Sony/SonyPTZ,,500.0,5.0,,0,False,LAN Wired,IZF Integrated,IZF,Camera Integrated,No extra motors,
BRCH900,Sony PTZ,Sony,Fixed Lens,No-Xchange-Motorized,,,BRC-H900,PTZ,Ethernet-RJ45,https://support.cyanview.com/docs/Integrations/Sony/SonyPTZ,,500.0,5.0,,0,False,LAN Wired,IZF Integrated,IZF,Camera Integrated,No extra motors,
BRCX1000,Sony PTZ,Sony,Fixed Lens,No-Xchange-Motorized,,,BRC-X1000,PTZ,Ethernet-RJ45,https://support.cyanview.com/docs/Integrations/Sony/SonyPTZ,,500.0,5.0,,0,False,LAN Wired,IZF Integrated,IZF,Camera Integrated,No extra motors,
BRCX400,Sony PTZ,Sony,Fixed Lens,No-Xchange-Motorized,,,BRC-X400,PTZ,Ethernet-RJ45,https://support.cyanview.com/docs/Integrations/Sony/SonyPTZ,,500.0,5.0,,0,False,LAN Wired,IZF Integrated,IZF,Camera Integrated,No extra motors,
SonyFr7,Sony FR7,Sony,Fixed Lens,E-Mount,https://pro.sony/products/ptz-network-cameras/ilme-fr7,,FR7,PTZ,Ethernet-RJ45,https://support.cyanview.com/docs/Integrations/Sony/SonyFR7,,500.0,2.0,,0,False,LAN Wired,IZF Integrated,IZF,Camera Integrated,No extra motors,
CanonR5,Canon Mirrorless,Canon,Iris/Zoom/Focus,EF-Mount,,,R5,Mirrorless,USB-A-to-USB-C,https://support.cyanview.com/docs/Integrations/Canon/CanonMirrorless,,500.0,2.0,,0,False,LAN Wired,Cine Interchangeable,No Need,TBD,TBD,
BGH1,Panasonic BGH1,Panasonic,Iris/Zoom/Focus,MFT-Mount,,,BGH1,Mirrorless,Ethernet-RJ45,https://support.cyanview.com/docs/Integrations/Panasonic/BGH1,,500.0,2.0,,0,False,LAN Wired,Cine Interchangeable,No Need,TBD,TBD,
BSH1,Panasonic BGH1,Panasonic,Iris/Zoom/Focus,MFT-Mount,,,BSH1,Mirrorless,Ethernet-RJ45,https://support.cyanview.com/docs/Integrations/Panasonic/BGH1,,500.0,2.0,,0,False,LAN Wired,Cine Interchangeable,No Need,TBD,TBD,
LumixBGH1,Panasonic BGH1,Panasonic,Iris/Zoom/Focus,MFT-Mount,,,DC-BGH1/BS1H,Mirrorless,Ethernet-RJ45,https://support.cyanview.com/docs/Integrations/Panasonic/BGH1,,500.0,2.0,,0,False,LAN Wired,Cine Interchangeable,No Need,TBD,TBD,
LumixGH5S,Panasonic GH5,Panasonic,Iris/Zoom/Focus,MFT-Mount,https://support.cyanview.com/docs/Integrations/Panasonic/GH5S,,DC-GH5S,Mirrorless,USB-A-to-USB-C,https://support.cyanview.com/docs/Integrations/Panasonic/GH5S,,500.0,2.0,,0,False,LAN Wired,Cine Interchangeable,No Need,TBD,TBD,
Lumix DC-GH5S,Panasonic GH5,Panasonic,Iris/Zoom/Focus,MFT-Mount,,,Lumix DC-GH5S,Mirrorless,USB-A-to-USB-C,https://support.cyanview.com/docs/Integrations/Panasonic/GH5S,,500.0,2.0,,0,False,LAN Wired,Cine Interchangeable,No Need,TBD,TBD,
Alpha SonyMirrorless,Sony Mirrorless,Sony,Iris/Zoom/Focus,E-Mount,,,Alpha,Mirrorless,USB-A-to-USB-C,https://support.cyanview.com/docs/Integrations/Sony/SonyMirrorless,,500.0,2.0,,2,False,LAN RF Halow,Cine Interchangeable,No Need,TBD,TBD,
ILCE-7CR,Sony Mirrorless,Sony,Iris/Zoom/Focus,E-Mount,,,Alpha 7 CR,Mirrorless,USB-A-to-USB-C,https://support.cyanview.com/docs/Integrations/Sony/SonyMirrorless,,500.0,2.0,,2,False,LAN RF Halow,Cine Interchangeable,No Need,TBD,TBD,
ILCE-7M4,Sony Mirrorless,Sony,Iris/Zoom/Focus,E-Mount,,,Alpha 7 Mark 4,Mirrorless,USB-A-to-USB-C,https://support.cyanview.com/docs/Integrations/Sony/SonyMirrorless,,500.0,2.0,,0,False,LAN Wired,Cine Interchangeable,No Need,TBD,TBD,
ILCE-7RM4A,Sony Mirrorless,Sony,Iris/Zoom/Focus,E-Mount,,,Alpha 7 R Mark 4 A,Mirrorless,USB-A-to-USB-C,https://support.cyanview.com/docs/Integrations/Sony/SonyMirrorless,,500.0,2.0,,0,False,LAN Wired,Cine Interchangeable,No Need,TBD,TBD,
ILCE-7RM5,Sony Mirrorless,Sony,Iris/Zoom/Focus,E-Mount,,,Alpha 7 R Mark 5,Mirrorless,USB-A-to-USB-C,https://support.cyanview.com/docs/Integrations/Sony/SonyMirrorless,,500.0,2.0,,0,False,LAN Wired,Cine Interchangeable,No Need,TBD,TBD,
ILCE-7C,Sony Mirrorless,Sony,Iris/Zoom/Focus,E-Mount,,,Alpha 7C,Mirrorless,USB-A-to-USB-C,https://support.cyanview.com/docs/Integrations/Sony/SonyMirrorless,,500.0,2.0,,0,False,LAN Wired,Cine Interchangeable,No Need,TBD,TBD,
ILCE-7CM2,Sony Mirrorless,Sony,Iris/Zoom/Focus,E-Mount,,,Alpha 7C Mark 2,Mirrorless,USB-A-to-USB-C,https://support.cyanview.com/docs/Integrations/Sony/SonyMirrorless,,500.0,2.0,,0,False,LAN Wired,Cine Interchangeable,No Need,TBD,TBD,
ILCE-7SM3,Sony Mirrorless,Sony,Iris/Zoom/Focus,E-Mount,,,Alpha 7S Mark 3,Mirrorless,USB-A-to-USB-C,https://support.cyanview.com/docs/Integrations/Sony/SonyMirrorless,,500.0,2.0,,0,False,LAN Wired,Cine Interchangeable,No Need,TBD,TBD,
ILCE-9M2,Sony Mirrorless,Sony,Iris/Zoom/Focus,E-Mount,,,Alpha 9 Mark 2,Mirrorless,USB-A-to-USB-C,https://support.cyanview.com/docs/Integrations/Sony/SonyMirrorless,,500.0,2.0,,0,False,LAN Wired,Cine Interchangeable,No Need,TBD,TBD,
ILCE-1,Sony Mirrorless,Sony,Iris/Zoom/Focus,E-Mount,,,Alpha one,Mirrorless,USB-A-to-USB-C,https://support.cyanview.com/docs/Integrations/Sony/SonyMirrorless,,500.0,2.0,,0,False,LAN Wired,Cine Interchangeable,No Need,TBD,TBD,
ILME-FX3,Sony Mirrorless,Sony,Iris/Zoom/Focus,E-Mount,https://pro.sony/products/handheld-camcorders/ilme-fx3,,FX3,Mirrorless,USB-A-to-USB-C,https://support.cyanview.com/docs/Integrations/Sony/SonyMirrorless,,500.0,2.0,,0,False,LAN Wired,Cine Interchangeable,No Need,TBD,TBD,
ILME-FX30,Sony Mirrorless,Sony,Iris/Zoom/Focus,E-Mount,https://pro.sony/products/handheld-camcorders/ilme-fx30,,FX30,Mirrorless,USB-A-to-USB-C,https://support.cyanview.com/docs/Integrations/Sony/SonyMirrorless,,500.0,2.0,,0,False,LAN Wired,Cine Interchangeable,No Need,TBD,TBD,
DSC-RX0M2,Sony Mirrorless,Sony,Iris/Zoom/Focus,Unknown,https://www.sony.co.uk/electronics/cyber-shot-compact-cameras/dsc-rx0m2,,RX0 Mark 2,Mirrorless,USB-A-to-USB-C,https://support.cyanview.com/docs/Integrations/Sony/SonyMirrorless,,500.0,2.0,,0,False,LAN Wired,Cine Interchangeable,No Need,TBD,TBD,
ILCE-6700,Sony Mirrorless,Sony,Iris/Zoom/Focus,Unknown,,,Sony 6700,Mirrorless,USB-A-to-USB-C,https://support.cyanview.com/docs/Integrations/Sony/SonyMirrorless,,500.0,2.0,,0,False,LAN Wired,Cine Interchangeable,No Need,TBD,TBD,
ZV E1,Sony Mirrorless,Sony,Iris/Zoom/Focus,Unknown,,,ZV E1,Mirrorless,USB-A-to-USB-C,https://support.cyanview.com/docs/Integrations/Sony/SonyMirrorless,,500.0,2.0,,0,False,LAN Wired,Cine Interchangeable,No Need,TBD,TBD,
CISHD1,CIS HR10A,CIS,TBD,S-Mount,,,VCC-HD1,Minicam,CY-CBL-6P-CIS-02,Planned to be documented  202407,,500.0,2.0,,0,False,LAN Wired,Fixed Lens,No Need,Manual,No extra motors,
CISHD10ZM,CIS HR10A,CIS,TBD,S-Mount,,,VCC-HD10ZM,Minicam,CY-CBL-6P-CIS-02,Planned to be documented  202407,,500.0,2.0,,0,False,LAN Wired,Fixed Lens,No Need,Manual,No extra motors,
CIS,CIS HR10A,CIS,TBD,S-Mount,,,VCC-HD1X,Minicam,CY-CBL-6P-CIS-02,Planned to be documented  202407,,500.0,2.0,,0,False,LAN Wired,Fixed Lens,No Need,Manual,No extra motors,
CISHD3,CIS HR10A,CIS,TBD,S-Mount,,,VCC-HD3,Minicam,CY-CBL-6P-CIS-02,Planned to be documented  202407,,500.0,2.0,,0,False,LAN Wired,Fixed Lens,No Need,Manual,No extra motors,
MarshallCV225,Marshall Breakout,Marshall,TBD,MFT-Mount,https://marshall-usa.com/discontinued/cameras/CV225-MB.php,,CV225,Minicam,CY-CBL-6P-PFAN,https://support.cyanview.com/docs/Integrations/Marshall/MarshallMinicam,,500.0,1.0,No,0,False,LAN Wired,Fixed Lens,No Need,Manual,No extra motors,
MarshallCV226,Marshall Breakout,Marshall,TBD,MFT-Mount,https://marshall-usa.com/discontinued/cameras/CV226.php,,CV226,Minicam,CY-CBL-6P-PFAN,https://support.cyanview.com/docs/Integrations/Marshall/MarshallMinicam,,500.0,1.0,No,0,False,LAN Wired,Fixed Lens,No Need,Manual,No extra motors,
MarshallCV345,Marshall Hirose,Marshall,TBD,MFT-Mount,https://marshall-usa.com/discontinued/cameras/CV345.php,,CV345,Minicam,CY-CBL-6P-MARS-02,https://support.cyanview.com/docs/Integrations/Marshall/MarshallMinicam,,500.0,1.0,No,0,False,LAN Wired,Fixed Lens,No Need,Manual,No extra motors,
MarshallCV35510X,Marshall Ethernet,Marshall,TBD,No-Xchange-Motorized,https://marshall-usa.com/cameras/CV355-10X-IP/,,CV355-10X,Minicam,Ethernet-RJ45,https://support.cyanview.com/docs/Integrations/Marshall/MarshallMinicam,,500.0,1.0,,0,False,LAN Wired,Fixed Lens,No Need,Manual,No extra motors,
MarshallCV35530X,Marshall Ethernet,Marshall,TBD,No-Xchange-Motorized,https://marshall-usa.com/cameras/CV355-10X-IP/,,CV355-30X,Minicam,Ethernet-RJ45,https://support.cyanview.com/docs/Integrations/Marshall/MarshallMinicam,,500.0,1.0,,0,False,LAN Wired,Fixed Lens,No Need,Manual,No extra motors,
MarshallCV366,Marshall Hirose,Marshall,TBD,MFT-Mount,https://marshall-usa.com/cameras/CV366/,,CV366,Minicam,CY-CBL-6P-MARS-02,https://support.cyanview.com/docs/Integrations/Marshall/MarshallMinicam,,500.0,1.0,No,0,False,LAN Wired,Fixed Lens,No Need,Manual,No extra motors,
MarshallCV368,Marshall Hirose,Marshall,TBD,MFT-Mount,https://marshall-usa.com/cameras/CV368/,,CV368,Minicam,CY-CBL-6P-MARS-02,https://support.cyanview.com/docs/Integrations/Marshall/MarshallMinicam,,500.0,1.0,No,0,False,LAN Wired,Fixed Lens,No Need,Manual,No extra motors,
MarshallCV370,Marshall Ethernet,Marshall,TBD,MFT-Mount,https://marshall-usa.com/cameras/CV370/,,CV370,Minicam,Ethernet-RJ45,https://support.cyanview.com/docs/Integrations/Marshall/MarshallMinicam,,500.0,1.0,,0,False,LAN Wired,Fixed Lens,No Need,Manual,No extra motors,
MarshallCV374,Marshall Ethernet,Marshall,TBD,MFT-Mount,https://marshall-usa.com/cameras/CV374/,,CV374,Minicam,Ethernet-RJ45,https://support.cyanview.com/docs/Integrations/Marshall/MarshallMinicam,,500.0,1.0,,0,False,LAN Wired,Fixed Lens,No Need,Manual,No extra motors,
MarshallCV420,Marshall Ethernet,Marshall,TBD,MFT-Mount,https://marshall-usa.com/cameras/CV420-30X/,,CV420,Minicam,Ethernet-RJ45,https://support.cyanview.com/docs/Integrations/Marshall/MarshallMinicam,,500.0,1.0,,0,False,LAN Wired,Fixed Lens,No Need,Manual,No extra motors,
MarshallCV500,Marshall PushLock,Marshall,TBD,MFT-Mount,https://marshall-usa.com/discontinued/cameras/CV500-MB.php,,CV500,Minicam,CY-CBL-6P-FAN100,https://support.cyanview.com/docs/Integrations/Marshall/MarshallMinicam,,500.0,1.0,No,0,False,LAN Wired,Fixed Lens,No Need,Manual,No extra motors,
MarshallCV502,Marshall PushLock,Marshall,TBD,MFT-Mount,https://marshall-usa.com/discontinued/cameras/CV502-MB.php,,CV502,Minicam,CY-CBL-6P-FAN100,https://support.cyanview.com/docs/Integrations/Marshall/MarshallMinicam,,500.0,1.0,No,0,False,LAN Wired,Fixed Lens,No Need,Manual,No extra motors,
MarshallCV503,Marshall Hirose,Marshall,TBD,MFT-Mount,https://www.marcameurope.com/product/cv503/,,CV503,Minicam,CY-CBL-6P-MARS-02,https://support.cyanview.com/docs/Integrations/Marshall/MarshallMinicam,,500.0,1.0,No,0,False,LAN Wired,Fixed Lens,No Need,Manual,No extra motors,
MarshallCV504,Marshall Hirose,Marshall,TBD,MFT-Mount,https://marshall-usa.com/cameras/CV504/,,CV504,Minicam,CY-CBL-6P-MARS-02,https://support.cyanview.com/docs/Integrations/Marshall/MarshallMinicam,,500.0,1.0,No,0,False,LAN Wired,Fixed Lens,No Need,Manual,No extra motors,
MarshallCV506,Marshall Hirose,Marshall,TBD,MFT-Mount,https://www.marcameurope.com/product/cv506/,,CV506,Minicam,CY-CBL-6P-MARS-02,https://support.cyanview.com/docs/Integrations/Marshall/MarshallMinicam,,500.0,1.0,No,0,False,LAN Wired,Fixed Lens,No Need,Manual,No extra motors,
MarshallCV530,Marshall Hirose,Marshall,TBD,MFT-Mount,https://marshall-usa.com/discontinued/cameras/CV503.php,,CV530,Minicam,CY-CBL-6P-MARS-02,https://support.cyanview.com/docs/Integrations/Marshall/MarshallMinicam,,500.0,1.0,No,0,False,LAN Wired,Fixed Lens,No Need,Manual,No extra motors,
MarshallCV566,Marshall Hirose,Marshall,TBD,MFT-Mount,https://marshall-usa.com/cameras/CV566/,,CV566,Minicam,CY-CBL-6P-MARS-02,https://support.cyanview.com/docs/Integrations/Marshall/MarshallMinicam,,500.0,1.0,No,0,False,LAN Wired,Fixed Lens,No Need,Manual,No extra motors,
MarshallCV568,Marshall Hirose,Marshall,TBD,MFT-Mount,https://marshall-usa.com/cameras/CV568/,,CV568,Minicam,CY-CBL-6P-MARS-02,https://support.cyanview.com/docs/Integrations/Marshall/MarshallMinicam,,500.0,1.0,No,0,False,LAN Wired,Fixed Lens,No Need,Manual,No extra motors,
MarshallCV570,Marshall Ethernet,Marshall,TBD,MFT-Mount,https://marshall-usa.com/cameras/CV570/,,CV570,Minicam,Ethernet-RJ45,https://support.cyanview.com/docs/Integrations/Marshall/MarshallMinicam,,500.0,1.0,,0,False,LAN Wired,Fixed Lens,No Need,Manual,No extra motors,
MarshallCV574,Marshall Ethernet,Marshall,TBD,MFT-Mount,https://marshall-usa.com/cameras/CV574/,,CV574,Minicam,Ethernet-RJ45,https://support.cyanview.com/docs/Integrations/Marshall/MarshallMinicam,,500.0,1.0,,0,False,LAN Wired,Fixed Lens,No Need,Manual,No extra motors,
AtomOne,DreamChip Serial,DreamChip,TBD,S-Mount,https://www.atom-one.de,,AtomOne,Minicam Motorizable,CY-CBL-6P-DCHIP-03,https://support.cyanview.com/docs/Integrations/Dreamchip/,,500.0,5.0,,3,False,LAN Wired,Minicam Motorizable Lens,No Need,Manual,No extra motors,
AtomOne mini,DreamChip Serial,DreamChip,TBD,S-Mount,https://www.atom-one.de,,AtomOne mini,Minicam Motorizable,CY-CBL-6P-DCHIP-03,https://support.cyanview.com/docs/Integrations/Dreamchip/,,500.0,5.0,,2,False,LAN Wired,Minicam Motorizable Lens,No Need,Manual,No extra motors,
AtomOne mini AIR,DreamChip Serial,DreamChip,TBD,S-Mount,https://www.atom-one.de,,AtomOne mini AIR,Minicam Motorizable,CY-CBL-6P-DCHIP-03,https://support.cyanview.com/docs/Integrations/Dreamchip/,,500.0,5.0,,0,False,LAN Wired,Minicam Motorizable Lens,No Need,Manual,No extra motors,
AtomOne mini Waterproof,DreamChip Serial,DreamChip,TBD,S-Mount,https://www.atom-one.de,,AtomOne mini Waterproof,Minicam Motorizable,CY-CBL-6P-DCHIP-03,https://support.cyanview.com/docs/Integrations/Dreamchip/,,500.0,5.0,,0,False,LAN Wired,Minicam Motorizable Lens,No Need,Manual,No extra motors,
AtomOne 4K Mini 7,DreamChip Serial,DreamChip,TBD,S-Mount,https://www.atom-one.de,,AtomOne 4K Mini 7,Minicam Motorizable,CY-CBL-6P-DCHIP-03,https://support.cyanview.com/docs/Integrations/Dreamchip/,,500.0,5.0,,0,False,LAN Wired,Minicam Motorizable Lens,No Need,Manual,No extra motors,
AtomOne 4K Mini 11,DreamChip Serial,DreamChip,TBD,C-Mount,https://www.atom-one.de,,AtomOne 4K Mini 11,Minicam Motorizable,CY-CBL-6P-DCHIP-03,https://support.cyanview.com/docs/Integrations/Dreamchip/,,500.0,5.0,,0,False,LAN Wired,Minicam Motorizable Lens,No Need,Manual,No extra motors,
AtomOne 4K Mini 16,DreamChip Serial,DreamChip,TBD,C-Mount,https://www.atom-one.de,,AtomOne 4K Mini 16,Minicam Motorizable,CY-CBL-6P-DCHIP-03,https://support.cyanview.com/docs/Integrations/Dreamchip/,,500.0,5.0,,0,False,LAN Wired,Minicam Motorizable Lens,No Need,Manual,No extra motors,
AtomOne mini Zoom,DreamChip Serial Motorized,DreamChip,TBD,No-Xchange-Motorized,https://www.atom-one.de,,AtomOne mini Zoom,Minicam IZT,CY-CBL-6P-DCHIP-03,https://support.cyanview.com/docs/Integrations/Dreamchip/,,500.0,5.0,,0,False,LAN Wired,IZF Integrated,IZF,Camera Integrated,No extra motors,
AtomOne SSM500,Dreamchip SSM,DreamChip,Iris/Zoom/Focus,B4-Mount,https://www.atom-one.de,,AtomOne SSM500,Slow Motion,CY-CBL-6P-DCHIP-02,https://support.cyanview.com/docs/Integrations/Dreamchip/ssm500,,500.0,5.0,,0,False,LAN Wired,Broadcast,No Need,B4-Mount,No extra motors,
AtomOne SSM500 B4,Dreamchip SSM,DreamChip,Iris/Zoom/Focus,C-Mount,https://www.atom-one.de,,AtomOne SSM500 B4,Slow Motion,CY-CBL-6P-DCHIP-02,https://support.cyanview.com/docs/Integrations/Dreamchip/ssm500,,500.0,5.0,,0,False,LAN Wired,Broadcast,No Need,B4-Mount,No extra motors,
AtomOne SSM500-IP,Dreamchip SSM IP,DreamChip,Iris/Zoom/Focus,B4-Mount,https://www.atom-one.de,,AtomOne SSM500-IP,Slow Motion,Ethernet-RJ45,Planned to be documented  202407,,500.0,5.0,,0,False,LAN Wired,Broadcast,No Need,B4-Mount,No extra motors,
AtomOne SSM500-IP B4,Dreamchip SSM IP,DreamChip,Iris/Zoom/Focus,C-Mount,https://www.atom-one.de,,AtomOne SSM500-IP B4,Slow Motion,Ethernet-RJ45,Planned to be documented  202407,,500.0,5.0,,0,False,LAN Wired,Broadcast,No Need,B4-Mount,No extra motors,
Hitachi SK-HD1000,Hitachi SH HD 1xxx,Hitachi,Iris/Zoom/Focus,B4-Mount,https://www.hitachikokusai.us/BroadcastandProfessionalCameras/SK-HD1000.html,,Hitachi SK-HD1000,System,Ethernet-RJ45,Planned to be documented  202407,,500.0,2.0,,0,False,LAN Wired,Broadcast,No Need,B4-Mount,No extra motors,
Hitachi SK-HD1300,Hitachi SH HD 1xxx,Hitachi,Iris/Zoom/Focus,B4-Mount,https://www.hitachikokusai.us/BroadcastandProfessionalCameras/SK-HD1300.html,,Hitachi SK-HD1300,System,Ethernet-RJ45,Planned to be documented  202407,,500.0,2.0,,0,False,LAN Wired,Broadcast,No Need,B4-Mount,No extra motors,
Hitachi SK-HD1500,Hitachi SH HD 1xxx,Hitachi,Iris/Zoom/Focus,B4-Mount,https://www.gravitymedia.com/product/hitachi-sk-hd1500-hd-slow-motion-production-camera/,,Hitachi SK-HD1500,System,Ethernet-RJ45,Planned to be documented  202407,,500.0,2.0,,0,False,LAN Wired,Broadcast,No Need,B4-Mount,No extra motors,
JVC,JVC IP,JVC,Fixed Lens,No-Xchange-Motorized,https://fr.jvc.com/pro/ccr/eng/GY-HM850RE/,,JVC GY-HM850,Handheld Camcorder,JVC USB-to-IP,https://support.cyanview.com/docs/Integrations/JVC/JVCCamcorder,,500.0,2.0,,0,False,LAN Wired,IZF Integrated,IZF,Camera Integrated,No extra motors,
CX350,Panasonic CX350,Panasonic,Fixed Lens,No-Xchange-Motorized,,,AG-CX350,Handheld Camcorder,Ethernet-RJ45,https://support.cyanview.com/docs/Integrations/Panasonic/CX350,,500.0,2.0,,0,False,LAN Wired,IZF Integrated,IZF,Camera Integrated,No extra motors,
CX350,Panasonic CX350,Panasonic,Fixed Lens,MFT-Mount,,,CX350,Handheld Camcorder,Ethernet-RJ45,https://support.cyanview.com/docs/Integrations/Panasonic/CX350,,500.0,2.0,,0,False,LAN Wired,IZF Integrated,IZF,Camera Integrated,No extra motors,
PXW-FS5,Sony Lanc,Sony,Fixed Lens,E-Mount,https://pro.sony/products/handheld-camcorders/pxw-fs5,,FS5,Handheld Camcorder,CY-CBL-6P-LANC-2,https://support.cyanview.com/docs/Integrations/Sony/SonyLanc,,500.0,1.0,No,0,False,LAN Wired,IZF Integrated,IZF,Camera Integrated,No extra motors,
PXW-FS7,Sony Lanc,Sony,Fixed Lens,E-Mount,https://pro.sony/products/handheld-camcorders/pxw-fx9,,FS7,Handheld Camcorder,CY-CBL-6P-LANC-2,https://support.cyanview.com/docs/Integrations/Sony/SonyLanc,,500.0,1.0,No,0,False,LAN Wired,IZF Integrated,IZF,Camera Integrated,No extra motors,
ILME-FX6,Sony Lanc,Sony,Fixed Lens,E-Mount,https://pro.sony/products/handheld-camcorders/ilme-fx6,,FX6-LANC,Handheld Camcorder,CY-CBL-6P-LANC-2,https://support.cyanview.com/docs/Integrations/Sony/SonyLanc,,500.0,1.0,No,0,False,LAN Wired,IZF Integrated,IZF,Camera Integrated,No extra motors,
SonyLanc,Sony Lanc,Sony,Fixed Lens,B4-Mount,,,LANC,Handheld Camcorder,CY-CBL-6P-LANC-2,https://support.cyanview.com/docs/Integrations/Sony/SonyLanc,,500.0,1.0,No,0,False,LAN Wired,IZF Integrated,IZF,Camera Integrated,No extra motors,
PXW-Z190,Sony Lanc,Sony,Fixed Lens,No-Xchange-Motorized,https://pro.sony/products/handheld-camcorders/pxw-z190#ProductSpecificationsBBlock-pxw-z190,,Z190,Handheld Camcorder,CY-CBL-6P-LANC-2,https://support.cyanview.com/docs/Integrations/Sony/SonyLanc,,500.0,1.0,No,0,False,LAN Wired,IZF Integrated,IZF,Camera Integrated,No extra motors,
Varicam,Panasonic Varicam,Panasonic,Iris/Zoom/Focus,B4-Mount,,,Varicam,Shoulder Camcorder,Ethernet-RJ45,https://support.cyanview.com/docs/Integrations/Panasonic/Varicam,,500.0,2.0,,0,False,LAN Wired,Broadcast,No Need,B4-Mount,No extra motors,
AG-HPX500,Panasonic P2,Panasonic,Iris/Zoom/Focus,LNE-Mount,,,AG-HPX500,Shoulder Camcorder,CY-CBL-6P-PAN-10P,https://support.cyanview.com/docs/Integrations/Panasonic/P2,,500.0,2.0,,0,False,LAN Wired,Broadcast,No Need,B4-Mount,No extra motors,
AJ-HPX2700,Panasonic P2,Panasonic,Iris/Zoom/Focus,LNE-Mount,,,AJ-HPX2700,Shoulder Camcorder,CY-CBL-6P-PAN-10P,https://support.cyanview.com/docs/Integrations/Panasonic/P2,,500.0,2.0,,0,False,LAN Wired,Broadcast,No Need,B4-Mount,No extra motors,
AJ-HPX3100,Panasonic P2,Panasonic,Iris/Zoom/Focus,LNE-Mount,,,AJ-HPX3100,Shoulder Camcorder,CY-CBL-6P-PAN-10P,https://support.cyanview.com/docs/Integrations/Panasonic/P2,,500.0,2.0,,0,False,LAN Wired,Broadcast,No Need,B4-Mount,No extra motors,
PX270,Panasonic P2,Panasonic,Iris/Zoom/Focus,LNE-Mount,,,AJ-PX270,Shoulder Camcorder,CY-CBL-6P-PAN-10P,https://support.cyanview.com/docs/Integrations/Panasonic/P2,,500.0,2.0,,0,False,LAN Wired,Broadcast,No Need,B4-Mount,No extra motors,
PX380,Panasonic P2,Panasonic,Iris/Zoom/Focus,LNE-Mount,,,AJ-PX380,Shoulder Camcorder,CY-CBL-6P-PAN-10P,https://support.cyanview.com/docs/Integrations/Panasonic/P2,,500.0,2.0,,0,False,LAN Wired,Broadcast,No Need,B4-Mount,No extra motors,
PX5000,Panasonic P2,Panasonic,Iris/Zoom/Focus,LNE-Mount,,,AJ-PX5000,Shoulder Camcorder,CY-CBL-6P-PAN-10P,https://support.cyanview.com/docs/Integrations/Panasonic/P2,,500.0,2.0,,0,False,LAN Wired,Broadcast,No Need,B4-Mount,No extra motors,
PX800,Panasonic P2,Panasonic,Iris/Zoom/Focus,LNE-Mount,,,AJ-PX800,Shoulder Camcorder,CY-CBL-6P-PAN-10P,https://support.cyanview.com/docs/Integrations/Panasonic/P2,,500.0,2.0,,0,False,LAN Wired,Broadcast,No Need,B4-Mount,No extra motors,
AKUB300,Panasonic P2,Panasonic,Iris/Zoom/Focus,LNE-Mount,,,AK-UB300,Shoulder Camcorder,CY-CBL-6P-PAN-10P,https://support.cyanview.com/docs/Integrations/Panasonic/P2,,500.0,2.0,,0,False,LAN Wired,Broadcast,No Need,B4-Mount,No extra motors,
P2Serial,Panasonic P2,Panasonic,Iris/Zoom/Focus,LNE-Mount,,,P2Serial,Shoulder Camcorder,CY-CBL-6P-PAN-10P,https://support.cyanview.com/docs/Integrations/Panasonic/P2,,500.0,2.0,,0,False,LAN Wired,Broadcast,No Need,B4-Mount,No extra motors,
UC3400,Panasonic UC,Panasonic,Iris/Zoom/Focus,B4-Mount,https://eu.connect.panasonic.com/gb/en/broadcast-proav/studio-cameras/ak-uc3300,,UC3400,Shoulder Camcorder,Ethernet-RJ45,Planned to be documented  202405,UC4000 very well covered,500.0,2.0,,0,False,LAN Wired,Broadcast,No Need,B4-Mount,No extra motors,
UC4000,Panasonic UC,Panasonic,Iris/Zoom/Focus,B4-Mount,https://eu.connect.panasonic.com/be/fr/products/broadcast-proav/ak-uc4000,,UC4000,Shoulder Camcorder,Ethernet-RJ45,Planned to be documented  202405,UC4000 very well covered,500.0,2.0,,0,False,LAN Wired,Broadcast,No Need,B4-Mount,No extra motors,
PDW-700,Sony 8-Pin,Sony,Iris/Zoom/Focus,B4-Mount,https://pro.sony/products/shoulder-camcorders/pdw-700,,PDW-700,Shoulder Camcorder,CY-CBL-SONY-8P-03,https://support.cyanview.com/docs/Integrations/Sony/Sony8Pin,Our solutions offers the same color control than the Sony RCP,500.0,2.0,,0,False,LAN Wired,Broadcast,No Need,B4-Mount,No extra motors,
PDW-F800,Sony 8-Pin,Sony,Iris/Zoom/Focus,B4-Mount,https://pro.sony/ue_US/products/shoulder-camcorders/pdw-f800,"Sony 8-Pin pour CDC, Ethernet pour broadcast (Tally,……)",PDW-800,Shoulder Camcorder,CY-CBL-SONY-8P-03,https://support.cyanview.com/docs/Integrations/Sony/Sony8Pin,Our solutions offers the same color control than the Sony RCP,500.0,2.0,,0,False,LAN Wired,Broadcast,No Need,B4-Mount,No extra motors,
PMW-EX3,Sony 8-Pin,Sony,Iris/Zoom/Focus,No-Xchange-Motorized,https://pro.sony/s3/cms-static-content/operation-manual/3878039151.pdf,"Poor control, no zoom and focus control on that legacy protocol",PMW-EX3,Shoulder Camcorder,CY-CBL-SONY-8P-03,https://support.cyanview.com/docs/Integrations/Sony/Sony8Pin,Our solutions offers the same color control than the Sony RCP,500.0,2.0,,1,False,LAN RF Halow,Broadcast,No Need,B4-Mount,No extra motors,
PXW-X350,Sony 8-Pin,Sony,Iris/Zoom/Focus,No-Xchange-Motorized,https://pro.sony/products/handheld-camcorders/pxw-x350,,PXW-350,Shoulder Camcorder,CY-CBL-SONY-8P-03,https://support.cyanview.com/docs/Integrations/Sony/Sony8Pin,Our solutions offers the same color control than the Sony RCP,500.0,2.0,,0,False,LAN Wired,Broadcast,No Need,B4-Mount,No extra motors,
PXW-X500,Sony 8-Pin,Sony,Iris/Zoom/Focus,B4-Mount,https://pro.sony/products/shoulder-camcorders/pmw-500,"Sony 8-Pin pour CDC, Ethernet pour broadcast (Tally,……)",PXW-500,Shoulder Camcorder,CY-CBL-SONY-8P-03,https://support.cyanview.com/docs/Integrations/Sony/Sony8Pin,Our solutions offers the same color control than the Sony RCP,500.0,2.0,,0,False,LAN Wired,Broadcast,No Need,B4-Mount,No extra motors,
PXW-Z750-Legacy,Sony 8-Pin,Sony,Iris/Zoom/Focus,B4-Mount,https://pro.sony/products/shoulder-camcorders/pxw-z750,,Z750-Legacy,Shoulder Camcorder,CY-CBL-SONY-8P-03,https://support.cyanview.com/docs/Integrations/Sony/Sony8Pin,Our solutions offers the same color control than the Sony RCP,500.0,2.0,,0,False,LAN Wired,Broadcast,No Need,B4-Mount,No extra motors,
